name,net_cost,type,degree_length,in_state_total,out_of_state_total
ASA College,20916.0,For Profit,2 Year,23565,23565
Abilene Christian University,21258.0,Private,4 Year,45200,45200
Abraham Baldwin Agricultural College,6026.0,Public,2 Year,12602,21024
Academy of Art University,28284.0,For Profit,4 Year,44458,44458
Adams State University,9163.0,Public,4 Year,18222,29238
Adelphi University,21725.0,Private,4 Year,54690,54690
Adirondack Community College,4412.0,Public,2 Year,17035,21595
Adrian College,11870.0,Private,4 Year,48405,48405
Adventist University of Health Sciences,16198.0,Private,4 Year,19350,19350
Agnes Scott College,16922.0,Private,4 Year,53490,53490
Alabama State University,10795.0,Public,4 Year,16490,24818
Alaska Bible College,5697.0,Private,4 Year,15000,15000
Alaska Pacific University,31095.0,Private,4 Year,28130,28130
Albany College of Pharmacy and Health Sciences,20420.0,Private,4 Year,46025,46025
Albany State University,13070.0,Public,4 Year,15604,28680
Albertus Magnus College,21777.0,Private,4 Year,45260,45260
Albion College,14723.0,Private,4 Year,58155,58155
Albright College,19163.0,Private,4 Year,57376,57376
Alcorn State University,12687.0,Public,4 Year,16752,16752
Alfred University,13781.0,Private,4 Year,46000,46000
Allegheny College,14846.0,Private,4 Year,59680,59680
Allegheny Wesleyan College,4154.0,Private,4 Year,10400,10400
Allen College,29032.0,Private,4 Year,27252,27252
Allen County Community College,4261.0,Public,2 Year,8220,8220
Allen University,15002.0,Private,4 Year,20570,20570
Alma College,15822.0,Private,4 Year,51256,51256
Alverno College,13578.0,Private,4 Year,36848,36848
American Baptist College,13382.0,Private,4 Year,19590,19590
American International College,17796.0,Private,4 Year,49980,49980
American Jewish University,38094.0,Private,4 Year,49188,49188
Amherst College,3614.0,Private,4 Year,71166,71166
Ancilla College,14521.0,Private,2 Year,26930,26930
Anderson University,15161.0,Private,4 Year,37830,37830
Anderson University,15161.0,Private,4 Year,40340,40340
Andrew College,13904.0,Private,2 Year,28024,28024
Andrews University,15494.0,Private,4 Year,38366,38366
Angelina College,7039.0,Public,2 Year,8125,11035
Angelo State University,9900.0,Public,4 Year,17619,30069
Anna Maria College,22170.0,Private,4 Year,52490,52490
Antioch College,8916.0,Private,4 Year,43358,43358
Appalachian Bible College,11232.0,Private,4 Year,22680,22680
Appalachian State University,5559.0,Public,4 Year,15518,30325
Aquinas College,9769.0,Private,4 Year,41906,41906
Arcadia University,20926.0,Private,4 Year,57380,57380
Arizona Christian University,21553.0,Private,4 Year,37470,37470
Arizona Western College,8363.0,Public,2 Year,9220,16210
Arkansas Baptist College,17123.0,Private,4 Year,17586,17586
Arkansas Tech University,8671.0,Public,4 Year,16938,23718
Arlington Baptist University,12129.0,Private,4 Year,19690,19690
Armstrong State University,11916.0,Public,4 Year,17769,31251
Art Academy of Cincinnati,12687.0,Private,4 Year,40589,40589
Asbury University,17404.0,Private,4 Year,37358,37358
Ashland University,17639.0,Private,4 Year,31283,31283
Assumption College,18192.0,Private,4 Year,53652,53652
Auburn University,11380.0,Public,4 Year,24608,43856
Auburn University at Montgomery,9611.0,Public,4 Year,17268,29028
Augsburg University,15815.0,Private,4 Year,49080,49080
Augusta University,5605.0,Public,4 Year,20398,39436
Augustana College,16232.0,Private,4 Year,52707,52707
Augustana University,13981.0,Private,4 Year,41266,41266
Aurora University,13575.0,Private,4 Year,35960,35960
Austin College,17150.0,Private,4 Year,52512,52512
Austin Peay State University,8510.0,Public,4 Year,19111,35167
Ave Maria University,16329.0,Private,4 Year,32286,32286
Averett University,16443.0,Private,4 Year,44376,44376
Avila University,16543.0,Private,4 Year,27100,27100
Azusa Pacific University,22018.0,Private,4 Year,48956,48956
Babson College,18789.0,Private,4 Year,67416,67416
Baker University,17951.0,Private,4 Year,38240,38240
Baldwin Wallace University,15313.0,Private,4 Year,42140,42140
Ball State University,9038.0,Public,4 Year,20130,36702
Baptist Bible College,10566.0,Private,4 Year,21650,21650
Baptist Missionary Association Theological Seminary,1673.0,Private,4 Year,9840,9840
Baptist University of the Americas,11577.0,Private,4 Year,10300,10300
Barclay College,8512.0,Private,4 Year,28990,28990
Bard College,23375.0,Private,4 Year,70168,70168
Bard College at Simon's Rock,28125.0,Private,4 Year,70648,70648
Barnard College,10190.0,Private,4 Year,72257,72257
Barry University,16578.0,Private,4 Year,40950,40950
Barton College,19350.0,Private,4 Year,41000,41000
Barton County Community College,6024.0,Public,2 Year,9234,9234
Bates College,9095.0,Private,4 Year,69018,69018
Bay Path University,16768.0,Private,4 Year,47024,47024
Bay State College,23330.0,For Profit,2 Year,41050,41050
Baylor University,21454.0,Private,4 Year,58322,58322
Beacon College,33771.0,Private,4 Year,50406,50406
Becker College,22419.0,Private,4 Year,53000,53000
Beis Medrash Heichal Dovid,9076.0,Private,4 Year,14000,14000
Belhaven University,21438.0,Private,4 Year,33800,33800
Bellarmine University,18411.0,Private,4 Year,54450,54450
Bellevue University,10704.0,Private,4 Year,18120,18120
Belmont Abbey College,22672.0,Private,4 Year,28855,28855
Belmont University,26120.0,Private,4 Year,46430,46430
Beloit College,13416.0,Private,4 Year,58870,58870
Bemidji State University,9875.0,Public,4 Year,17104,17104
Benedict College,15657.0,Private,4 Year,22800,22800
Benedictine College,18057.0,Private,4 Year,39830,39830
Benedictine University,14023.0,Private,4 Year,43770,43770
Benjamin Franklin Institute of Technology,13281.0,Private,2 Year,31090,31090
Bennington College,17712.0,Private,4 Year,69970,69970
Bentley University,19429.0,Private,4 Year,66200,66200
Berea College,169.0,Private,4 Year,46754,46754
Berklee College of Music,37051.0,Private,4 Year,60930,60930
Berry College,16166.0,Private,4 Year,49326,49326
Bethany College,16807.0,Private,4 Year,39080,39080
Bethany College,16807.0,Private,4 Year,40353,40353
Bethany Lutheran College,12292.0,Private,4 Year,35750,35750
Bethel College,5011.0,Private,4 Year,37590,37590
Bethel College,5011.0,Private,4 Year,37630,37630
Bethel University,16038.0,Private,4 Year,25750,25750
Bethel University,16038.0,Private,4 Year,47820,47820
Bethune-Cookman University,17073.0,Private,4 Year,24226,24226
Beulah Heights University,6576.0,Private,4 Year,15880,15880
Bevill State Community College,7641.0,Public,2 Year,6070,9940
Big Bend Community College,5413.0,Public,2 Year,7809,13240
Biola University,24125.0,Private,4 Year,51218,51218
Bismarck State College,5548.0,Public,2 Year,12584,14579
Black Hills State University,12382.0,Public,4 Year,15711,18756
Blackburn College,10684.0,Private,4 Year,30340,30340
Blackfeet Community College,7381.0,Public,2 Year,10377,10377
Blinn College,11969.0,Public,2 Year,11643,18153
Bloomfield College,15734.0,Private,4 Year,41500,41500
Bloomsburg University of Pennsylvania,13668.0,Public,4 Year,20644,32218
Blue Mountain College,9776.0,Private,4 Year,18878,18878
Bluefield College,18836.0,Private,4 Year,34314,34314
Bluffton University,17622.0,Private,4 Year,43566,43566
Bob Jones University,13999.0,Private,4 Year,25126,25126
Boise Bible College,16437.0,Private,4 Year,18720,18720
Boise State University,10816.0,Public,4 Year,18386,34468
Boston Architectural College,26246.46,Private,4 Year,35174,35174
Boston Baptist College,17326.0,Private,4 Year,20410,20410
Boston College,15564.0,Private,4 Year,69942,69942
Boston University,26951.0,Private,4 Year,69668,69668
Bowdoin College,4936.0,Private,4 Year,68620,68620
Bowie State University,9568.0,Public,4 Year,19137,29777
Bradley University,14732.0,Private,4 Year,44380,44380
Brandeis University,12754.0,Private,4 Year,70835,70835
Brenau University,13931.0,Private,4 Year,41468,41468
Brescia University,8491.0,Private,4 Year,31600,31600
Brevard College,15471.0,Private,4 Year,39250,39250
Brewton-Parker College,14741.0,Private,4 Year,26540,26540
Briar Cliff University,25371.0,Private,4 Year,40984,40984
Bridgewater College,18127.0,Private,4 Year,47880,47880
Bridgewater State University,10733.0,Public,4 Year,23457,29597
Brigham Young University-Hawaii,8653.0,Private,4 Year,12146,12146
Brigham Young University-Idaho,7557.0,Private,4 Year,8710,8710
Brown University,5404.0,Private,4 Year,70326,70326
Bryant University,26973.0,Private,4 Year,59675,59675
Bryn Mawr College,12505.0,Private,4 Year,68860,68860
Bucknell University,15692.0,Private,4 Year,69754,69754
Bucks County Community College,8214.0,Public,2 Year,7160,16160
Buena Vista University,15482.0,Private,4 Year,43542,43542
Butler Community College,7524.0,Public,2 Year,9130,11260
Butler University,21603.0,Private,4 Year,54950,54950
Cabrini University,21681.0,Private,4 Year,44186,44186
Caldwell University,13296.0,Private,4 Year,46740,46740
California Baptist University,20303.0,Private,4 Year,45638,45638
California Christian College,13247.0,Private,4 Year,14520,14520
California College of the Arts,21926.0,Private,4 Year,59274,59274
California Institute of Technology,6444.0,Private,4 Year,67887,67887
California Institute of the Arts,36202.0,Private,4 Year,61345,61345
California Lutheran University,20584.0,Private,4 Year,56472,56472
California University of Pennsylvania,14060.0,Public,4 Year,21294,25152
Calvary University,13349.0,Private,4 Year,16656,16656
Calvin College,17538.0,Private,4 Year,44800,44800
Cameron University,7385.0,Public,4 Year,11902,21322
Campbell University,20029.0,Private,4 Year,43930,43930
Campbellsville University,12737.0,Private,4 Year,33400,33400
Canisius College,13430.0,Private,4 Year,39788,39788
Capital University,21106.0,Private,4 Year,46308,46308
Capitol Technology University,11462.0,Private,4 Year,31136,31136
Cardinal Stritch University,18118.0,Private,4 Year,38438,38438
Carl Albert State College,2841.0,Public,2 Year,7818,11943
Carleton College,10770.0,Private,4 Year,68844,68844
Carlow University,11309.0,Private,4 Year,40896,40896
Carnegie Mellon University,20372.0,Private,4 Year,69883,69883
Carroll College,20097.0,Private,4 Year,45366,45366
Carroll University,17163.0,Private,4 Year,41402,41402
Carson-Newman University,15746.0,Private,4 Year,36710,36710
Carthage College,21145.0,Private,4 Year,55540,55540
Case Western Reserve University,19976.0,Private,4 Year,64232,64232
Casper College,5381.0,Public,2 Year,9952,14464
Castleton University,12014.0,Public,4 Year,22912,38920
Catawba College,16850.0,Private,4 Year,41008,41008
Cazenovia College,9554.0,Private,4 Year,49226,49226
Cedar Crest College,13529.0,Private,4 Year,50760,50760
Cedarville University,16929.0,Private,4 Year,37630,37630
Centenary College of Louisiana,14459.0,Private,4 Year,49980,49980
Centenary University,26890.0,Private,4 Year,44442,44442
Central Arizona College,3946.0,Public,2 Year,10280,18800
Central Baptist College,9099.0,Private,4 Year,23700,23700
Central Christian College of Kansas,16458.0,Private,4 Year,34960,34960
Central College,15598.0,Private,4 Year,47575,47575
Central Community College,5666.0,Public,2 Year,10106,11426
Central Connecticut State University,12542.0,Public,4 Year,22792,34032
Central Maine Community College,7833.0,Public,2 Year,13060,15880
Central Michigan University,9965.0,Public,4 Year,23036,23036
Central Oregon Community College,8298.0,Public,2 Year,15708,23988
Central Penn College,16186.0,For Profit,4 Year,26808,26808
Central State University,11623.0,Public,4 Year,16578,18578
Central Texas College,3706.0,Public,2 Year,7740,12090
Central Washington University,8907.0,Public,4 Year,19187,34168
Central Wyoming College,2439.0,Public,2 Year,9801,14313
Centre College,14703.0,Private,4 Year,52180,52180
Chadron State College,7330.0,Public,4 Year,14576,14576
Chaminade University of Honolulu,15705.0,Private,4 Year,39004,39004
Champlain College,24723.0,Private,4 Year,56364,56364
Chapman University,23747.0,Private,4 Year,68552,68552
Charleston Southern University,14015.0,Private,4 Year,35700,35700
Chatham University,21017.0,Private,4 Year,49701,49701
Chestnut Hill College,17299.0,Private,4 Year,47180,47180
Cheyney University of Pennsylvania,13174.0,Public,4 Year,20497,25513
Chicago State University,11149.0,Public,4 Year,20901,29601
Chowan University,16975.0,Private,4 Year,34380,34380
Christian Brothers University,5486.0,Private,4 Year,40220,40220
Christopher Newport University,14370.0,Public,4 Year,26214,38680
Cincinnati Christian University,12725.0,Private,4 Year,25888,25888
Cisco College,6324.0,Public,2 Year,7295,9425
Claflin University,15169.0,Private,4 Year,25916,25916
Claremont McKenna College,14394.0,Private,4 Year,71110,71110
Clarendon College,5780.0,Public,2 Year,9426,11736
Clarion University of Pennsylvania,11747.0,Public,4 Year,23845,27703
Clark Atlanta University,28203.0,Private,4 Year,32960,32960
Clark University,16851.0,Private,4 Year,54900,54900
Clarke University,15959.0,Private,4 Year,42950,42950
Clarks Summit University,17375.0,Private,4 Year,30210,30210
Clarkson College,15644.0,Private,4 Year,22318,22318
Clarkson University,15359.0,Private,4 Year,64352,64352
Clear Creek Baptist Bible College,5565.0,Private,4 Year,13600,13600
Cleary University,9551.0,Private,4 Year,29850,29850
Clemson University,6666.0,Public,4 Year,25802,47556
Cleveland Institute of Art,25166.0,Private,4 Year,56441,56441
Cleveland Institute of Music,31670.0,Private,4 Year,57035,57035
Cleveland State University,15135.0,Public,4 Year,24185,28552
Clinton College,5590.0,Private,2 Year,19571,19571
Clinton Community College,5291.0,Public,2 Year,16590,21596
Cloud County Community College,4654.0,Public,2 Year,8930,9370
Coahoma Community College,757.0,Public,2 Year,7416,7866
Coastal Alabama Community College,5169.0,Public,2 Year,10540,14410
Coastal Bend College,4851.0,Public,2 Year,7746,10056
Coastal Carolina University,11263.0,Public,4 Year,20726,35838
Coe College,15006.0,Private,4 Year,54480,54480
Coffeyville Community College,2265.0,Public,2 Year,8340,9810
Coker College,14032.0,Private,4 Year,38418,38418
Colby College,10039.0,Private,4 Year,69400,69400
Colby Community College,5511.0,Public,2 Year,7320,9208
Colby-Sawyer College,20749.0,Private,4 Year,56662,56662
Colgate University,8864.0,Private,4 Year,69865,69865
College for Creative Studies,29156.0,Private,4 Year,52910,52910
College of Charleston,11180.0,Public,4 Year,24904,44086
College of Coastal Georgia,8395.0,Public,4 Year,13491,20098
College of Saint Mary,16862.0,Private,4 Year,28050,28050
College of Southern Idaho,4727.0,Public,2 Year,9950,14300
College of William and Mary,3528.0,Public,4 Year,35636,56937
College of the Atlantic,15977.0,Private,4 Year,53289,53289
College of the Holy Cross,10741.0,Private,4 Year,67290,67290
College of the Muscogee Nation,18161.0,Public,2 Year,15638,24053
College of the Ozarks,10875.0,Private,4 Year,26760,26760
College of the Redwoods,4583.0,Public,2 Year,9649,17419
College of the Siskiyous,7296.0,Public,2 Year,9430,17170
Colorado Christian University,19993.0,Private,4 Year,43712,43712
Colorado College,12429.0,Private,4 Year,67982,67982
Colorado Mesa University,13895.0,Public,4 Year,20168,33365
Colorado Mountain College,3332.0,Public,2 Year,14358,25548
Colorado Northwestern Community College,8856.0,Public,2 Year,12276,15255
Colorado School of Mines,19089.0,Public,4 Year,32133,51753
Columbia College,16236.0,Private,4 Year,27400,27400
Columbia College,16236.0,Private,4 Year,30512,30512
Columbia College Chicago,24841.0,Private,4 Year,41188,41188
Columbia International University,9247.0,Private,4 Year,31840,31840
Columbus College of Art and Design,23110.0,Private,4 Year,45590,45590
Columbus State University,9965.0,Public,4 Year,17080,30562
Commonwealth Technical Institute,25458.0,Private,2 Year,22304,22304
Conception Seminary College,24098.0,Private,4 Year,34847,34847
Concord University,8754.0,Public,4 Year,16884,26308
Connecticut College,11759.0,Private,4 Year,69970,69970
Connors State College,4649.0,Public,2 Year,10360,15063
Converse College,15968.0,Private,4 Year,29620,29620
Cooper Union for the Advancement of Science and Art,9597.0,Private,4 Year,63338,63338
Copiah-Lincoln Community College,2286.0,Public,2 Year,7030,9030
Coppin State University,8528.0,Public,4 Year,17015,23286
Corban University,22102.0,Private,4 Year,43268,43268
Cornell College,13150.0,Private,4 Year,51683,51683
Cornell University,9980.0,Private,4 Year,70004,70004
Cornerstone University,15680.0,Private,4 Year,33800,33800
Corning Community College,4268.0,Public,2 Year,14948,19748
Cornish College of the Arts,27328.0,Private,4 Year,54042,54042
Cottey College,10679.0,Private,4 Year,28850,28850
Covenant College,16947.0,Private,4 Year,44590,44590
Cowley County Community College,5137.0,Public,2 Year,8200,9910
Creighton University,19205.0,Private,4 Year,50952,50952
Crowder College,4657.0,Public,2 Year,9104,10604
Crowley's Ridge College,9235.0,Private,2 Year,19350,19350
Crown College,17370.0,Private,4 Year,34860,34860
Culinary Institute of America,30872.0,Private,4 Year,44280,44280
Culver-Stockton College,14123.0,Private,4 Year,35200,35200
Cumberland University,14394.0,Private,4 Year,32180,32180
Curry College,24604.0,Private,4 Year,55605,55605
D'Youville College,13898.0,Private,4 Year,38974,38974
Daemen College,9821.0,Private,4 Year,41495,41495
Dakota College at Bottineau,6162.0,Public,2 Year,11778,13654
Dakota State University,10254.0,Public,4 Year,16149,19122
Dakota Wesleyan University,15330.0,Private,4 Year,34650,34650
Dallas Baptist University,16618.0,Private,4 Year,36862,36862
Dallas Christian College,17276.0,Private,4 Year,26630,26630
Dalton State College,3402.0,Public,4 Year,13196,21618
Dartmouth College,8094.0,Private,4 Year,71209,71209
Davenport University,17984.0,Private,4 Year,32728,32728
Davidson College,12699.0,Private,4 Year,65819,65819
Davis College,17459.0,Private,4 Year,25250,25250
Dawson Community College,4021.0,Public,2 Year,9795,13845
DePaul University,19812.0,Private,4 Year,54210,54210
DePauw University,14723.0,Private,4 Year,62724,62724
DeSales University,20111.0,Private,4 Year,50400,50400
Dean College,21924.0,Private,2 Year,56570,56570
Defiance College,20752.0,Private,4 Year,42950,42950
Delaware College of Art and Design,22210.0,Private,2 Year,37845,37845
Delaware State University,17872.0,Public,4 Year,20058,29094
Delaware Valley University,19871.0,Private,4 Year,53780,53780
Delta State University,6632.0,Public,4 Year,14968,14968
Denison University,41577.0,Private,4 Year,64670,64670
Denmark Technical College,6312.0,Public,2 Year,9424,13174
Des Moines Area Community College,9964.0,Public,2 Year,12012,16722
Dickinson College,14932.0,Private,4 Year,68359,68359
Dickinson State University,7321.0,Public,4 Year,13663,16442
Dillard University,15029.0,Private,4 Year,28199,28199
Dine College,8074.0,Public,2 Year,6020,6020
Divine Word College,6010.0,Private,4 Year,17185,17185
Dixie State University,13744.0,Public,4 Year,11581,21379
Dodge City Community College,7469.0,Public,2 Year,9490,10330
Dominican College of Blauvelt,21135.0,Private,4 Year,42150,42150
Dominican University,13913.0,Private,4 Year,43675,43675
Dominican University of California,28639.0,Private,4 Year,60660,60660
Dordt College,19540.0,Private,4 Year,40460,40460
Drake University,21139.0,Private,4 Year,51924,51924
Drew University,18085.0,Private,4 Year,53608,53608
Drexel University,26049.0,Private,4 Year,67358,67358
Drury University,13659.0,Private,4 Year,36461,36461
Duke University,3813.0,Private,4 Year,70873,70873
Duquesne University,17084.0,Private,4 Year,50764,50764
Dutchess Community College,3819.0,Public,2 Year,15922,19786
Earlham College,13070.0,Private,4 Year,56850,56850
East Carolina University,8961.0,Public,4 Year,16794,33071
East Central Community College,3339.0,Public,2 Year,6700,8800
East Central University,7339.0,Public,4 Year,12324,23214
East Georgia State College,8488.0,Public,2 Year,12750,20496
East Mississippi Community College,2524.0,Public,2 Year,8240,11240
East Stroudsburg University of Pennsylvania,11682.0,Public,4 Year,20784,33216
East Tennessee State University,12568.0,Public,4 Year,17749,36931
East Texas Baptist University,15589.0,Private,4 Year,35449,35449
Eastern Arizona College,4217.0,Public,2 Year,9490,15490
Eastern Connecticut State University,13169.0,Public,4 Year,24916,36156
Eastern Illinois University,11919.0,Public,4 Year,21685,23905
Eastern Kentucky University,8357.0,Public,4 Year,18314,28092
Eastern Maine Community College,6222.0,Public,2 Year,12746,15566
Eastern Mennonite University,18802.0,Private,4 Year,48260,48260
Eastern Michigan University,11588.0,Public,4 Year,23813,23813
Eastern Nazarene College,18996.0,Private,4 Year,35222,35222
Eastern Oklahoma State College,6464.0,Public,2 Year,10474,14091
Eastern Oregon University,10894.0,Public,4 Year,18719,30779
Eastern University,20962.0,Private,4 Year,44376,44376
Eastern Washington University,7461.0,Public,4 Year,20116,37237
Eastern Wyoming College,6696.0,Public,2 Year,9416,13928
Ecclesia College,14126.0,Private,4 Year,20950,20950
Eckerd College,18204.0,Private,4 Year,57128,57128
Edgewood College,14972.0,Private,4 Year,40520,40520
Edinboro University of Pennsylvania,11900.0,Public,4 Year,19951,24470
Edmonds Community College,5614.0,Public,2 Year,11871,11871
Edward Waters College,12146.0,Private,4 Year,21007,21007
Elizabeth City State University,400.0,Public,4 Year,12034,16034
Elizabethtown College,16549.0,Private,4 Year,58310,58310
Ellsworth Community College,9606.0,Public,2 Year,11940,13110
Elmhurst College,13975.0,Private,4 Year,47421,47421
Elmira College,22024.0,Private,4 Year,53900,53900
Elon University,19047.0,Private,4 Year,47549,47549
Emerson College,28476.0,Private,4 Year,64542,64542
Emmanuel College,24801.0,Private,4 Year,28428,28428
Emmanuel College,24801.0,Private,4 Year,54798,54798
Emmaus Bible College,13718.0,Private,4 Year,26900,26900
Emory & Henry College,15500.0,Private,4 Year,47235,47235
Emory University,17035.0,Private,4 Year,65762,65762
Emporia State University,8949.0,Public,4 Year,15670,29587
Endicott College,23168.0,Private,4 Year,48776,48776
Erskine College,14730.0,Private,4 Year,45460,45460
Eureka College,12785.0,Private,4 Year,35010,35010
Evangel University,18452.0,Private,4 Year,31818,31818
Everett Community College,5181.0,Public,2 Year,12917,12917
Fairfield University,21409.0,Private,4 Year,63060,63060
Fairmont State University,8571.0,Public,4 Year,16518,25328
Faith Baptist Bible College and Theological Seminary,14874.0,Private,4 Year,23676,23676
Fashion Institute of Technology,7791.0,Public,4 Year,20220,30000
Faulkner University,17140.0,Private,4 Year,29440,29440
Fayetteville State University,3727.0,Public,4 Year,13151,24759
Felician University,17731.0,Private,4 Year,47195,47195
Ferris State University,9294.0,Public,4 Year,22524,22524
Ferrum College,13876.0,Private,4 Year,45675,45675
Finger Lakes Community College,7552.02,Public,2 Year,14895,17187
Finlandia University,16057.0,Private,4 Year,31558,31558
Fisher College,23605.0,Private,4 Year,47310,47310
Fisk University,17196.0,Private,4 Year,32270,32270
Fitchburg State University,8595.0,Public,4 Year,21277,27357
Five Towns College,16799.0,For Profit,4 Year,34460,34460
Florida Agricultural and Mechanical University,9269.0,Public,4 Year,16421,28362
Florida Atlantic University,8003.0,Public,4 Year,17935,33491
Florida College,14424.0,Private,4 Year,25512,25512
Florida Gulf Coast University,8912.0,Public,4 Year,16274,35318
Florida Institute of Technology,25237.0,Private,4 Year,54730,54730
Florida International University,8811.0,Public,4 Year,17440,29838
Florida Keys Community College,13227.0,Public,2 Year,13477,23362
Florida Memorial University,15046.0,Private,4 Year,23352,23352
Florida SouthWestern State College,10644.0,Public,2 Year,12401,22944
Florida Southern College,26253.0,Private,4 Year,47998,47998
Florida State University,10676.0,Public,4 Year,17332,32499
Fond du Lac Tribal and Community College,11745.0,Public,2 Year,8856,8856
Fontbonne University,17295.0,Private,4 Year,36870,36870
Fordham University,21699.0,Private,4 Year,70656,70656
Fort Hays State University,8021.0,Public,4 Year,13433,23501
Fort Lewis College,9777.0,Public,4 Year,18918,29574
Fort Peck Community College,3974.0,Public,2 Year,8595,8595
Fort Scott Community College,3702.0,Public,2 Year,8650,9100
Fort Valley State University,12814.0,Public,4 Year,15036,28112
Framingham State University,12141.0,Public,4 Year,22641,28721
Francis Marion University,13607.0,Public,4 Year,19108,29492
Franciscan University of Steubenville,19421.0,Private,4 Year,36130,36130
Frank Phillips College,4759.0,Public,2 Year,7878,8890
Franklin College,13016.0,Private,4 Year,41956,41956
Franklin Pierce University,22857.0,Private,4 Year,50245,50245
Freed-Hardeman University,14940.0,Private,4 Year,30210,30210
Fresno Pacific University,10727.0,Private,4 Year,40128,40128
Friends University,16740.0,Private,4 Year,36387,36387
Frostburg State University,13511.0,Public,4 Year,19374,33094
Fulton-Montgomery Community College,6335.0,Public,2 Year,17330,21930
Gadsden State Community College,5291.0,Public,2 Year,8400,12030
Gannon University,15200.0,Private,4 Year,44786,44786
Garden City Community College,3702.0,Public,2 Year,8570,9140
Gardner-Webb University,19628.0,Private,4 Year,41610,41610
Garrett College,4937.0,Public,2 Year,12655,18145
Genesee Community College,4814.0,Public,2 Year,13360,13960
Geneva College,15762.0,Private,4 Year,36900,36900
George Fox University,17979.0,Private,4 Year,47270,47270
George Mason University,12120.0,Public,4 Year,23922,47382
Georgetown College,12420.0,Private,4 Year,48430,48430
Georgia Gwinnett College,10206.0,Public,4 Year,18994,31422
Georgia Southern University,13791.0,Public,4 Year,17492,30974
Georgia Southwestern State University,10456.0,Public,4 Year,14456,27532
Georgia State University,12475.0,Public,4 Year,22236,40810
Georgian Court University,12398.0,Private,4 Year,43684,43684
Gettysburg College,10802.0,Private,4 Year,67490,67490
Goddard College,21523.0,Private,4 Year,18284,18284
Gogebic Community College,6331.0,Public,2 Year,10524,12973
Goldey-Beacom College,19726.0,Private,4 Year,30700,30700
Gonzaga University,17726.0,Private,4 Year,55154,55154
Gordon College,20388.0,Private,4 Year,48470,48470
Gordon State College,8438.0,Public,2 Year,10948,19370
Goshen College,15200.0,Private,4 Year,44350,44350
Goucher College,18014.0,Private,4 Year,58806,58806
Governors State University,16925.0,Public,4 Year,22542,31932
Grace Bible College,14586.0,Private,4 Year,27650,27650
Grace University,11710.0,Private,4 Year,29942,29942
Grambling State University,12672.0,Public,4 Year,14627,23650
Grand Canyon University,15453.0,For Profit,4 Year,37190,37190
Grand Valley State University,11168.0,Public,4 Year,21174,26452
Grand View University,14069.0,Private,4 Year,36786,36786
Grayson College,6016.0,Public,2 Year,9300,11820
Great Basin College,8550.0,Public,4 Year,6494,12908
Great Lakes Christian College,16287.0,Private,4 Year,26020,26020
Green Mountain College,18559.0,Private,4 Year,48724,48724
Greensboro College,20683.0,Private,4 Year,39940,39940
Greenville University,14539.0,Private,4 Year,36200,36200
Grinnell College,8370.0,Private,4 Year,65202,65202
Guilford College,17655.0,Private,4 Year,49450,49450
Gustavus Adolphus College,13822.0,Private,4 Year,55310,55310
Gwynedd Mercy University,17331.0,Private,4 Year,47970,47970
Hamilton College,7025.0,Private,4 Year,68490,68490
Hamline University,15936.0,Private,4 Year,51656,51656
Hampden-Sydney College,8154.0,Private,4 Year,59304,59304
Hampshire College,17349.0,Private,4 Year,65274,65274
Hampton University,20397.0,Private,4 Year,38480,38480
Hannibal-LaGrange University,14371.0,Private,4 Year,30858,30858
Hanover College,12101.0,Private,4 Year,49250,49250
Harcum College,23806.0,Private,2 Year,34400,34400
Hardin-Simmons University,29807.0,Private,4 Year,37070,37070
Harding University,11525.0,Private,4 Year,27179,27179
Harris-Stowe State University,9406.0,Public,4 Year,14590,19223
Harrisburg University of Science and Technology,19056.0,Private,4 Year,30700,30700
Hartwick College,18514.0,Private,4 Year,57970,57970
Harvey Mudd College,10022.0,Private,4 Year,75003,75003
Haskell Indian Nations University,2907.0,Public,4 Year,1430,1430
Hastings College,15631.0,Private,4 Year,39750,39750
Haverford College,7021.0,Private,4 Year,70994,70994
Hawaii Pacific University,22711.0,Private,4 Year,40780,40780
Hebrew Theological College,28652.0,Private,4 Year,25300,25300
Heidelberg University,17551.0,Private,4 Year,41400,41400
Henderson State University,8277.0,Public,4 Year,15940,17590
Hendrix College,15059.0,Private,4 Year,58074,58074
Heritage Christian University,15537.0,Private,4 Year,18057,18057
Herkimer County Community College,6090.0,Public,2 Year,15448,18078
Hesston College,15122.0,Private,2 Year,35700,35700
Hibbing Community College,7832.0,Public,2 Year,8716,8716
High Point University,24821.0,Private,4 Year,49248,49248
Highland Community College,4092.0,Public,2 Year,9558,10038
Hilbert College,12383.0,Private,4 Year,31750,31750
Hill College,8164.0,Public,2 Year,6820,7970
Hinds Community College,5283.0,Public,2 Year,7250,10290
Hiram College,17471.0,Private,4 Year,44590,44590
Hiwassee College,12746.0,Private,2 Year,27558,27558
Hobe Sound Bible College,5865.0,Private,4 Year,12660,12660
Hocking College,8424.0,Public,2 Year,12950,17350
Hofstra University,26828.0,Private,4 Year,62708,62708
Hollins University,17184.0,Private,4 Year,52555,52555
Holmes Community College,5056.0,Public,2 Year,6190,8770
Holy Cross College,16857.0,Private,4 Year,42320,42320
Holy Family University,16394.0,Private,4 Year,43922,43922
Holy Names University,17046.0,Private,4 Year,52506,52506
Hood College,11807.0,Private,4 Year,52192,52192
Hope College,14262.0,Private,4 Year,44320,44320
Hope International University,19228.0,Private,4 Year,43890,43890
Houghton College,17084.0,Private,4 Year,41776,41776
Houston Baptist University,17538.0,Private,4 Year,41344,41344
Howard College,5067.0,Public,2 Year,7394,10254
Howard Payne University,15598.0,Private,4 Year,36476,36476
Hult International Business School,31046.0,Private,4 Year,55650,55650
Humboldt State University,9887.0,Public,4 Year,20546,32426
Huntingdon College,16028.0,Private,4 Year,37150,37150
Huntington University,13153.0,Private,4 Year,34848,34848
Husson University,15129.0,Private,4 Year,28010,28010
Huston-Tillotson University,14946.0,Private,4 Year,21914,21914
Hutchinson Community College,5589.0,Public,2 Year,8800,10030
Idaho State University,12829.0,Public,4 Year,14627,30147
Ilisagvik College,7464.0,Public,2 Year,17300,17300
Illinois College,12983.0,Private,4 Year,42370,42370
Illinois Institute of Technology,10434.0,Private,4 Year,60058,60058
Illinois State University,10897.0,Public,4 Year,24366,35890
Illinois Wesleyan University,19322.0,Private,4 Year,58620,58620
Immaculata University,24133.0,Private,4 Year,39970,39970
Independence Community College,2873.0,Public,2 Year,8078,8468
Indiana Institute of Technology,22362.0,Private,4 Year,36920,36920
Indiana State University,7640.0,Public,4 Year,19680,30426
Iona College,19503.0,Private,4 Year,54090,54090
Iowa Central Community College,5313.0,Public,2 Year,12340,14740
Iowa Lakes Community College,7971.0,Public,2 Year,12808,13138
Iowa State University,8559.0,Public,4 Year,17708,32112
Iowa Western Community College,8429.0,Public,2 Year,12045,12195
Itasca Community College,8601.0,Public,2 Year,11840,13022
Itawamba Community College,6838.0,Public,2 Year,6920,9120
Ithaca College,22225.0,Private,4 Year,59540,59540
Jackson State University,12616.0,Public,4 Year,17778,29006
Jacksonville State University,13592.0,Public,4 Year,18525,28245
Jacksonville University,24277.0,Private,4 Year,50750,50750
James Madison University,9727.0,Public,4 Year,22108,38508
Jamestown Community College,5307.0,Public,2 Year,16600,21470
Jarvis Christian College,22315.0,Private,4 Year,20160,20160
Jefferson College,4991.0,Public,2 Year,9486,12666
Jefferson College of Health Sciences,18647.0,Private,4 Year,32756,32756
Jefferson Community College,6704.0,Public,2 Year,17090,21842
Jewish Theological Seminary of America,-13876.0,Private,4 Year,63896,63896
John Brown University,11807.0,Private,4 Year,36152,36152
John Carroll University,15284.0,Private,4 Year,53214,53214
John Paul the Great Catholic University,17289.0,Private,4 Year,33750,33750
John Wesley University,14930.0,Private,4 Year,16930,16930
Johns Hopkins University,12168.0,Private,4 Year,70076,70076
Johnson College,20052.0,Private,2 Year,26891,26891
Johnson University,11154.0,Private,4 Year,22760,22760
Jones County Junior College,4477.0,Public,2 Year,7572,9572
Judson College,15867.0,Private,4 Year,29100,29100
Judson University,16467.0,Private,4 Year,39848,39848
Juniata College,15073.0,Private,4 Year,58118,58118
Kalamazoo College,12010.0,Private,4 Year,58272,58272
Kansas City Art Institute,21867.0,Private,4 Year,48800,48800
Kansas State University,12087.0,Public,4 Year,19943,35447
Kansas Wesleyan University,20807.0,Private,4 Year,39000,39000
Kean University,15740.0,Public,4 Year,26818,33853
Keene State College,13364.0,Public,4 Year,25238,34202
Kehilath Yakov Rabbinical Seminary,906.0,Private,4 Year,12500,12500
Kennesaw State University,14750.0,Public,4 Year,18899,32625
Kentucky Christian University,16299.0,Private,4 Year,28090,28090
Kentucky Mountain Bible College,5415.0,Private,4 Year,14510,14510
Kentucky State University,12119.0,Public,4 Year,14780,26080
Kentucky Wesleyan College,15703.0,Private,4 Year,36204,36204
Kenyon College,12908.0,Private,4 Year,68440,68440
Kettering College,13411.0,Private,4 Year,20300,20300
Kettering University,24013.0,Private,4 Year,51730,51730
Keuka College,19816.0,Private,4 Year,43999,43999
Keystone College,7937.0,Private,4 Year,38820,38820
Kilgore College,4233.0,Public,2 Year,7286,11156
King University,13249.0,Private,4 Year,38476,38476
King's College,15105.0,Private,4 Year,50166,50166
Knox College,15259.0,Private,4 Year,56424,56424
Kutztown University of Pennsylvania,11580.0,Public,4 Year,21136,24994
Kuyper College,13616.0,Private,4 Year,29274,29274
LDS Business College,9501.0,Private,2 Year,9040,9040
LIM College,32497.0,For Profit,4 Year,47380,47380
LIU Brooklyn,20465.0,Private,4 Year,51735,51735
LIU Post,21048.0,Private,4 Year,51735,51735
La Roche College,14157.0,Private,4 Year,40120,40120
La Salle University,21591.0,Private,4 Year,45640,45640
La Sierra University,19158.0,Private,4 Year,41193,41193
LaGrange College,15833.0,Private,4 Year,42100,42100
Lackawanna College,12068.0,Private,2 Year,25750,25750
Lafayette College,13682.0,Private,4 Year,68520,68520
Laguna College of Art and Design,17084.0,Private,4 Year,40700,40700
Lake Erie College,17712.0,Private,4 Year,41330,41330
Lake Forest College,16182.0,Private,4 Year,57454,57454
Lake Michigan College,5825.0,Public,2 Year,11752,13597
Lake Region State College,5890.0,Public,2 Year,11135,11135
Lake Superior State University,6889.0,Public,4 Year,21972,21972
Lakeland University,14764.0,Private,4 Year,38104,38104
Lamar Community College,9230.0,Public,2 Year,10538,12920
Lamar University,15553.0,Public,4 Year,19112,31562
Lancaster Bible College,17241.0,Private,4 Year,34020,34020
Lander University,13504.0,Public,4 Year,20800,30400
Landmark College,25680.0,Private,2 Year,68640,68640
Lane College,7606.0,Private,4 Year,17960,17960
Langston University,9017.0,Public,4 Year,15426,22776
Laramie County Community College,2876.0,Public,2 Year,10626,15138
Lasell College,19050.0,Private,4 Year,51400,51400
Lassen Community College,8501.0,Public,2 Year,1437,9177
Lawrence Technological University,23182.0,Private,4 Year,43520,43520
Lawrence University,15122.0,Private,4 Year,57816,57816
Le Moyne College,15715.0,Private,4 Year,48405,48405
LeTourneau University,16175.0,Private,4 Year,40180,40180
Lebanon Valley College,19648.0,Private,4 Year,55510,55510
Lee University,11486.0,Private,4 Year,25100,25100
Lees-McRae College,14738.0,Private,4 Year,37276,37276
Lehigh University,15400.0,Private,4 Year,66530,66530
Lenoir-Rhyne University,16225.0,Private,4 Year,48910,48910
Lesley University,26947.0,Private,4 Year,45000,45000
Lewis & Clark College,15761.0,Private,4 Year,63424,63424
Lewis University,13154.0,Private,4 Year,43028,43028
Lewis-Clark State College,11503.0,Public,4 Year,14198,26816
Liberty University,23178.0,Private,4 Year,35754,35754
Life Pacific College,14564.0,Private,4 Year,24194,24194
Life University,17209.0,Private,4 Year,27594,27594
Limestone College,22523.0,Private,4 Year,35765,35765
Lincoln Christian University,13741.0,Private,4 Year,20764,20764
Lincoln College,16561.0,Private,2 Year,26300,26300
Lincoln Memorial University,8731.0,Private,4 Year,30010,30010
Lincoln University,12379.0,Public,4 Year,21254,26390
Lincoln University,12379.0,Public,4 Year,14700,21240
Lindenwood University,20220.0,Private,4 Year,26600,26600
Lindsey Wilson College,14397.0,Private,4 Year,34235,34235
Lipscomb University,17144.0,Private,4 Year,44796,44796
Little Priest Tribal College,13836.0,Private,2 Year,12120,12120
Livingstone College,16599.0,Private,4 Year,25091,25091
Longwood University,12984.0,Public,4 Year,25086,41046
Loras College,16768.0,Private,4 Year,42459,42459
Louisburg College,14091.0,Private,2 Year,29290,29290
Louisiana College,12874.0,Private,4 Year,22618,22618
Louisiana Tech University,5751.0,Public,4 Year,16140,25053
Lourdes University,14223.0,Private,4 Year,32580,32580
Loyola Marymount University,27017.0,Private,4 Year,63012,63012
Loyola University Chicago,22969.0,Private,4 Year,58528,58528
Loyola University Maryland,20672.0,Private,4 Year,63515,63515
Loyola University New Orleans,19988.0,Private,4 Year,53072,53072
Lubbock Christian University,18132.0,Private,4 Year,30142,30142
Luther College,17248.0,Private,4 Year,51750,51750
Lycoming College,16206.0,Private,4 Year,52883,52883
Lyndon State College,10075.0,Public,4 Year,22672,35992
Lynn University,29181.0,Private,4 Year,50380,50380
Lyon College,10114.0,Private,4 Year,37920,37920
MCPHS University,27364.0,Private,4 Year,49105,49105
MacMurray College,14095.0,Private,4 Year,37130,37130
Macalester College,11062.0,Private,4 Year,66500,66500
Madonna University,10586.0,Private,4 Year,31850,31850
Maharishi University of Management,18230.0,Private,4 Year,23930,23930
Maine College of Art,23793.0,Private,4 Year,46890,46890
Maine College of Health Professions,15306.0,Private,2 Year,11210,11210
Maine Maritime Academy,15475.0,Public,4 Year,23788,37408
Malone University,15190.0,Private,4 Year,40360,40360
Manchester University,15251.0,Private,4 Year,42338,42338
Manhattan Christian College,16061.0,Private,4 Year,24942,24942
Manhattan College,17219.0,Private,4 Year,59680,59680
Manhattan School of Music,34433.0,Private,4 Year,60435,60435
Manhattanville College,16895.0,Private,4 Year,53340,53340
Manor College,17328.0,Private,2 Year,24757,24757
Mansfield University of Pennsylvania,12531.0,Public,4 Year,24258,33708
Maranatha Baptist University,16376.0,Private,4 Year,22510,22510
Marian University,14701.0,Private,4 Year,34622,34622
Marian University,14701.0,Private,4 Year,44640,44640
Marietta College,16724.0,Private,4 Year,47360,47360
Marion Military Institute,9715.0,Public,2 Year,14368,20368
Marist College,19595.0,Private,4 Year,55150,55150
Marlboro College,20837.0,Private,4 Year,53125,53125
Marquette University,19219.0,Private,4 Year,54590,54590
Mars Hill University,16941.0,Private,4 Year,42560,42560
Marshall University,6064.0,Public,4 Year,18578,29064
Martin Luther College,12267.0,Private,4 Year,21490,21490
Martin Methodist College,11544.0,Private,4 Year,32646,32646
Martin University,16560.0,Private,4 Year,24310,24310
Mary Baldwin University,16260.0,Private,4 Year,40495,40495
Marygrove College,13382.0,Private,4 Year,31430,31430
Maryland Institute College of Art,28566.0,Private,4 Year,61910,61910
Marymount California University,15135.0,Private,4 Year,50800,50800
Marymount Manhattan College,27188.0,Private,4 Year,50610,50610
Marymount University,18781.0,Private,4 Year,44656,44656
Maryville College,10320.0,Private,4 Year,46304,46304
Maryville University of Saint Louis,19767.0,Private,4 Year,38558,38558
Marywood University,18334.0,Private,4 Year,48810,48810
Massachusetts College of Art and Design,15662.0,Public,4 Year,26700,49900
Massachusetts College of Liberal Arts,9444.0,Public,4 Year,21714,30659
Massachusetts Institute of Technology,4995.0,Private,4 Year,67342,67342
Massachusetts Maritime Academy,6129.0,Public,4 Year,22399,38777
Mayville State University,8151.0,Public,4 Year,14506,17239
McDaniel College,11215.0,Private,4 Year,54690,54690
McKendree University,9793.0,Private,4 Year,40440,40440
McMurry University,16303.0,Private,4 Year,35846,35846
McNeese State University,5812.0,Public,4 Year,16563,27638
McPherson College,16158.0,Private,4 Year,37739,37739
Medaille College,12532.0,Private,4 Year,43000,43000
Memphis College of Art,17657.0,Private,4 Year,41990,41990
Menlo College,20590.0,Private,4 Year,57025,57025
Mercer University,15550.0,Private,4 Year,48510,48510
Mercy College,11955.0,Private,4 Year,33442,33442
Mercyhurst University,14599.0,Private,4 Year,50950,50950
Meredith College,19149.0,Private,4 Year,48106,48106
Merrimack College,20296.0,Private,4 Year,57605,57605
Mesabi Range College,3654.03,Public,2 Year,10610,11792
Mesalands Community College,6992.33,Public,2 Year,6225,7605
Messiah College,20578.0,Private,4 Year,45680,45680
Methodist College,15871.0,Private,4 Year,28240,28240
Methodist University,26798.0,Private,4 Year,46736,46736
Michigan State University,6394.0,Public,4 Year,24782,50087
Michigan Technological University,9821.0,Public,4 Year,26402,44482
Mid-America Christian University,19691.0,Private,4 Year,26370,26370
Mid-Atlantic Christian University,16072.0,Private,4 Year,23000,23000
Mid-Plains Community College,5178.0,Public,2 Year,9660,10580
MidAmerica Nazarene University,16151.0,Private,4 Year,39444,39444
Middle Georgia State University,8199.0,Public,4 Year,13688,22648
Middle Tennessee State University,5752.0,Public,4 Year,18642,37800
Middlebury College,8846.0,Private,4 Year,69980,69980
Midland College,7411.0,Public,2 Year,7894,10774
Midland University,17385.0,Private,4 Year,41334,41334
Midway University,23641.0,Private,4 Year,33130,33130
Midwestern State University,6190.0,Public,4 Year,17896,19846
Miles College,14558.0,Private,4 Year,18646,18646
Miles Community College,4404.0,Public,2 Year,10510,15100
Millersville University of Pennsylvania,11269.0,Public,4 Year,25884,35604
Milligan College,13061.0,Private,4 Year,40800,40800
Millikin University,14865.0,Private,4 Year,46920,46920
Mills College,21148.0,Private,4 Year,43705,43705
Millsaps College,16706.0,Private,4 Year,53640,53640
Milwaukee Institute of Art & Design,21246.0,Private,4 Year,46660,46660
Milwaukee School of Engineering,19034.0,Private,4 Year,51138,51138
Mineral Area College,5851.0,Public,2 Year,11090,13850
Minneapolis College of Art and Design,24339.0,Private,4 Year,44820,44820
Minneapolis Community and Technical College,13662.0,Public,2 Year,16454,16454
Minnesota State Community and Technical College,9981.0,Public,2 Year,10358,10358
Minnesota State University Moorhead,9740.0,Public,4 Year,17854,25263
Minot State University,9457.0,Public,4 Year,13674,13674
Misericordia University,16260.0,Private,4 Year,47200,47200
Mississippi College,10940.0,Private,4 Year,28326,28326
Mississippi Delta Community College,3225.0,Public,2 Year,6540,8148
Mississippi Gulf Coast Community College,5952.0,Public,2 Year,8020,11120
Mississippi State University,13182.0,Public,4 Year,18850,33450
Mississippi University for Women,8761.0,Public,4 Year,14464,14464
Mississippi Valley State University,10507.0,Public,4 Year,14613,14613
Missouri Baptist University,17477.0,Private,4 Year,35844,35844
Missouri Southern State University,6945.0,Public,4 Year,13832,20799
Missouri University of Science and Technology,11853.0,Public,4 Year,20443,38773
Missouri Valley College,13180.0,Private,4 Year,29750,29750
Mitchell College,20356.0,Private,4 Year,46200,46200
Moberly Area Community College,6988.0,Public,2 Year,11322,14712
Mohawk Valley Community College,5196.0,Public,2 Year,15726,20096
Molloy College,17712.0,Private,4 Year,46522,46522
Monmouth College,12233.0,Private,4 Year,46640,46640
Monmouth University,15060.0,Private,4 Year,52119,52119
Monroe College,10255.0,For Profit,4 Year,26278,26278
Monroe Community College,5056.0,Public,2 Year,11766,16246
Montana State University,12812.0,Public,4 Year,17521,34949
Montana Tech of the University of Montana,10827.0,Public,4 Year,17067,32230
Montclair State University,16097.0,Public,4 Year,28354,36142
Montreat College,22793.0,Private,4 Year,35819,35819
Montserrat College of Art,19648.0,Private,4 Year,43300,43300
Moody Bible Institute,17216.0,Private,4 Year,25385,25385
Moore College of Art and Design,23388.0,Private,4 Year,57292,57292
Moravian College,18778.0,Private,4 Year,57014,57014
Morehead State University,8078.0,Public,4 Year,19130,23606
Morehouse College,24187.0,Private,4 Year,41012,41012
Morgan State University,11665.0,Public,4 Year,18160,28427
Morningside College,15826.0,Private,4 Year,41140,41140
Morris College,12395.0,Private,4 Year,19919,19919
Morrison Institute of Technology,19275.0,Private,2 Year,21300,21300
Mount Aloysius College,16654.0,Private,4 Year,33758,33758
Mount Carmel College of Nursing,18417.0,Private,4 Year,18907,18907
Mount Holyoke College,12273.0,Private,4 Year,64658,64658
Mount Ida College,21752.0,Private,4 Year,49400,49400
Mount Marty College,25865.0,Private,4 Year,35262,35262
Mount Mary University,9686.0,Private,4 Year,38700,38700
Mount Mercy University,17887.0,Private,4 Year,41332,41332
Mount Saint Mary College,19638.0,Private,4 Year,46226,46226
Mount Saint Mary's University,21768.0,Private,4 Year,53405,53405
Mount St. Mary's University,18701.0,Private,4 Year,54425,54425
Mount Vernon Nazarene University,17872.0,Private,4 Year,37414,37414
Muhlenberg College,15106.0,Private,4 Year,64360,64360
Multnomah University,23881.0,Private,4 Year,34770,34770
Murray State College,7470.0,Public,2 Year,11620,17770
Murray State University,7565.0,Public,4 Year,18274,33730
Muskingum University,13120.0,Private,4 Year,39996,39996
NHTI-Concord's Community College,15345.0,Public,2 Year,16752,25002
Naropa University,23477.0,Private,4 Year,44639,44639
Navajo Technical University,3005.0,Public,2 Year,8630,8630
Navarro College,7975.0,Public,2 Year,8018,11018
Nazareth College,15754.0,Private,4 Year,47860,47860
Nebraska College of Technical Agriculture,8664.0,Public,2 Year,12454,12454
Nebraska Wesleyan University,18972.0,Private,4 Year,43824,43824
Neosho County Community College,5875.0,Public,2 Year,9220,9220
Ner Israel Rabbinical College,10900.0,Private,4 Year,19000,19000
Neumann University,23522.0,Private,4 Year,44420,44420
Neumont College of Computer Science,20899.0,For Profit,4 Year,30720,30720
New College of Florida,7797.0,Public,4 Year,16183,39208
New England College,22943.0,Private,4 Year,52136,52136
New England Institute of Technology,28855.0,Private,4 Year,43005,43005
New Hampshire Institute of Art,21938.0,Private,4 Year,39740,39740
New Jersey City University,8164.0,Public,4 Year,24789,34311
New Jersey Institute of Technology,11452.0,Public,4 Year,30938,46350
New Mexico Highlands University,9060.0,Public,4 Year,14022,18174
New Mexico Institute of Mining and Technology,6355.0,Public,4 Year,16280,30778
New Mexico Junior College,7536.0,Public,2 Year,5802,6546
New Mexico Military Institute,3043.0,Public,2 Year,12373,20045
New York Institute of Technology,19444.0,Private,4 Year,51180,51180
New York School of Interior Design,27143.0,Private,4 Year,52134,52134
New York University,27274.0,Private,4 Year,69984,69984
Newberry College,18052.0,Private,4 Year,37090,37090
Newbury College,23587.0,Private,4 Year,50440,50440
Newman University,17290.0,Private,4 Year,39050,39050
Niagara University,12551.0,Private,4 Year,46380,46380
Nicholls State University,6256.0,Public,4 Year,17920,19013
Nichols College,20121.0,Private,4 Year,48750,48750
Norfolk State University,10513.0,Public,4 Year,19850,31778
North Carolina Central University,8246.0,Public,4 Year,15257,27964
North Carolina Wesleyan College,18404.0,Private,4 Year,41800,41800
North Central College,15003.0,Private,4 Year,49899,49899
North Central Kansas Technical College,8453.0,Public,2 Year,9745,9745
North Central Michigan College,456.0,Public,2 Year,9870,14010
North Central Missouri College,6100.0,Public,2 Year,9565,12265
North Central Texas College,4057.0,Public,2 Year,6700,11950
North Central University,16623.0,Private,4 Year,31640,31640
North Country Community College,8476.0,Public,2 Year,16358,22988
North Dakota State College of Science,6847.0,Public,2 Year,11352,18622
North Georgia Technical College,1995.0,Public,2 Year,7268,9938
North Greenville University,17317.0,Private,4 Year,29990,29990
North Idaho College,9152.0,Public,2 Year,11745,18315
North Iowa Area Community College,6260.0,Public,2 Year,12536,14849
North Park University,16425.0,Private,4 Year,39056,39056
Northeast Community College,5639.0,Public,2 Year,12085,13240
Northeast Mississippi Community College,5737.0,Public,2 Year,8296,11136
Northeast Texas Community College,4850.0,Public,2 Year,9149,12449
Northeastern Illinois University,16326.0,Public,4 Year,25446,37331
Northeastern Junior College,9098.0,Public,2 Year,12152,14990
Northeastern State University,5692.0,Public,4 Year,14288,22358
Northeastern University,18542.0,Private,4 Year,68267,68267
Northern Arizona University,11442.0,Public,4 Year,21846,36110
Northern Illinois University,15775.0,Public,4 Year,23142,23142
Northern Kentucky University,4640.0,Public,4 Year,20054,29702
Northern Maine Community College,7537.0,Public,2 Year,11638,14458
Northern Michigan University,8173.0,Public,4 Year,21654,27150
Northern Oklahoma College,4898.0,Public,2 Year,11250,17835
Northern State University,10728.0,Public,4 Year,16527,19500
Northland College,12138.0,Private,4 Year,45359,45359
Northpoint Bible College,17225.0,Private,4 Year,22080,22080
Northwest Christian University,13352.0,Private,4 Year,39350,39350
Northwest College,3217.0,Public,2 Year,9510,14022
Northwest Indian College,4765.0,Public,2 Year,10395,19260
Northwest Mississippi Community College,4343.0,Public,2 Year,6550,8950
Northwest Missouri State University,7372.0,Public,4 Year,19821,26473
Northwest Nazarene University,15998.0,Private,4 Year,36700,36700
Northwest University,12249.0,Private,4 Year,40170,40170
Northwestern College,18804.0,Private,4 Year,40300,40300
Northwestern College,18804.0,For Profit,2 Year,30887,30887
Northwestern Michigan College,8445.0,Public,2 Year,12924,18361
Northwestern Oklahoma State University,5113.0,Public,4 Year,11816,18933
Northwestern University,15633.0,Private,4 Year,71193,71193
Norwich University,20150.0,Private,4 Year,53856,53856
Notre Dame College,17312.0,Private,4 Year,40140,40140
Notre Dame de Namur University,22323.0,Private,4 Year,49844,49844
Notre Dame of Maryland University,16113.0,Private,4 Year,48750,48750
Nova Southeastern University,23046.0,Private,4 Year,44150,44150
Nyack College,14881.0,Private,4 Year,34800,34800
Oak Hills Christian College,14341.0,Private,4 Year,24298,24298
Oakland City University,19415.0,Private,4 Year,33900,33900
Oakland University,13165.0,Public,4 Year,22706,34330
Oakwood University,25019.0,Private,4 Year,26032,26032
Oberlin College,10914.0,Private,4 Year,71392,71392
Occidental College,13482.0,Private,4 Year,70182,70182
Odessa College,3417.0,Public,2 Year,8206,10862
Oglethorpe University,15182.0,Private,4 Year,51300,51300
Ohio Christian University,26346.0,Private,4 Year,31382,31382
Ohio Dominican University,19690.0,Private,4 Year,42028,42028
Ohio Northern University,18400.0,Private,4 Year,43910,43910
Ohio State University Agricultural Technical Institute,17597.0,Public,2 Year,16354,36370
Ohio Valley University,13192.0,Private,4 Year,29880,29880
Ohio Wesleyan University,19916.0,Private,4 Year,58190,58190
Oklahoma Baptist University,13267.0,Private,4 Year,35608,35608
Oklahoma Christian University,14847.0,Private,4 Year,30950,30950
Oklahoma City University,22677.0,Private,4 Year,39922,39922
Oklahoma Panhandle State University,4667.0,Public,4 Year,12889,13828
Oklahoma Wesleyan University,17095.0,Private,4 Year,35600,35600
Old Dominion University,9244.0,Public,4 Year,22492,41392
Olivet College,13743.0,Private,4 Year,37290,37290
Olivet Nazarene University,18363.0,Private,4 Year,43970,43970
Olympic College,4912.0,Public,2 Year,10177,10709
Onondaga Community College,9843.0,Public,2 Year,15624,20524
Oral Roberts University,14826.0,Private,4 Year,37178,37178
Oregon Institute of Technology,10201.0,Public,4 Year,19045,37114
Oregon State University,13506.0,Public,4 Year,24021,42996
Otero Junior College,9654.0,Public,2 Year,11994,14973
Otis College of Art and Design,27099.0,Private,4 Year,59680,59680
Otterbein University,16901.0,Private,4 Year,43132,43132
Ouachita Baptist University,14184.0,Private,4 Year,34670,34670
Ozark Christian College,9743.0,Private,4 Year,18780,18780
Pacific Lutheran University,18548.0,Private,4 Year,52856,52856
Pacific Northwest College of Art,29263.0,Private,4 Year,51110,51110
Pacific Union College,18573.0,Private,4 Year,38370,38370
Pacific University,19516.0,Private,4 Year,56826,56826
Paine College,15787.0,Private,4 Year,22257,22257
Palm Beach Atlantic University,20110.0,Private,4 Year,41570,41570
Panola College,6624.0,Public,2 Year,7416,10206
Paris Junior College,4506.0,Public,2 Year,7400,10400
Park University,9964.0,Private,4 Year,20850,20850
Paul Quinn College,8739.0,Private,4 Year,14495,14495
Pearl River Community College,-61.0,Public,2 Year,8400,10798
Pennsylvania College of Technology,18099.0,Public,4 Year,28284,35424
Pennsylvania Institute of Technology,8786.0,Private,2 Year,19365,19365
Pepperdine University,17456.0,Private,4 Year,69252,69252
Peru State College,9786.0,Public,4 Year,15462,15492
Pfeiffer University,15698.0,Private,4 Year,41460,41460
Philander Smith College,14040.0,Private,4 Year,20664,20664
Piedmont College,12335.0,Private,4 Year,36088,36088
Piedmont International University,11475.0,Private,4 Year,18780,18780
Pierpont Community and Technical College,8614.0,Public,2 Year,14898,21452
Pine Manor College,15940.0,Private,4 Year,45490,45490
Pittsburg State University,8576.0,Public,4 Year,15076,26420
Pitzer College,18613.0,Private,4 Year,70900,70900
Plymouth State University,7514.0,Public,4 Year,25199,33869
Point Loma Nazarene University,21472.0,Private,4 Year,46150,46150
Point Park University,17000.0,Private,4 Year,43650,43650
Point University,24438.0,Private,4 Year,28500,28500
Pomona College,2751.0,Private,4 Year,69496,69496
Pontifical College Josephinum,30659.0,Private,4 Year,33885,33885
Portland State University,10738.0,Public,4 Year,19533,37488
Post University,30702.0,For Profit,4 Year,42650,42650
Potomac State College of West Virginia University,4780.0,Public,2 Year,13012,19900
Pratt Community College,4360.0,Public,2 Year,9069,9369
Presbyterian College,9601.0,Private,4 Year,49140,49140
Prescott College,17062.0,Private,4 Year,39185,39185
Presentation College,18763.0,Private,4 Year,29573,29573
Princeton University,8322.0,Private,4 Year,65620,65620
Providence Christian College,11596.0,Private,4 Year,39066,39066
Providence College,20806.0,Private,4 Year,65090,65090
Queens University of Charlotte,19761.0,Private,4 Year,45544,45544
Quincy University,15326.0,Private,4 Year,38962,38962
Quinnipiac University,29248.0,Private,4 Year,62500,62500
Rabbi Jacob Joseph School,4767.0,Private,4 Year,17700,17700
Rabbinical Academy Mesivta Rabbi Chaim Berlin,5415.0,Private,4 Year,15800,15800
Rabbinical College Beth Shraga,6962.0,Private,4 Year,19250,19250
Rabbinical College of America,13671.0,Private,4 Year,19000,19000
Rabbinical College of Long Island,6200.0,Private,4 Year,16475,16475
Rabbinical College of Ohr Shimon Yisroel,6043.0,Private,4 Year,15100,15100
Rabbinical Seminary of America,6650.0,Private,4 Year,15800,15800
Radford University,10023.0,Public,4 Year,20616,32251
Rainy River Community College,6906.0,Public,2 Year,9605,10787
Ramapo College of New Jersey,8809.0,Public,4 Year,26824,36165
Randall University,13010.0,Private,4 Year,21794,21794
Randolph College,16590.0,Private,4 Year,53165,53165
Randolph-Macon College,19233.0,Private,4 Year,53260,53260
Ranger College,5218.0,Public,2 Year,7296,9996
Redlands Community College,5255.0,Public,2 Year,12793,15359
Reed College,13576.0,Private,4 Year,70550,70550
Reedley College,3789.0,Public,2 Year,8088,15828
Regent University,16041.0,Private,4 Year,27228,27228
Regis College,32732.0,Private,4 Year,56195,56195
Regis University,18114.0,Private,4 Year,48370,48370
Reinhardt University,19562.0,Private,4 Year,33500,33500
Rensselaer Polytechnic Institute,24154.0,Private,4 Year,69140,69140
Rhode Island College,5779.0,Public,4 Year,20758,33521
Rhode Island School of Design,26136.0,Private,4 Year,64360,64360
Rhodes College,19731.0,Private,4 Year,59293,59293
Rice University,6841.0,Private,4 Year,61350,61350
Rider University,19438.0,Private,4 Year,56010,56010
Ringling College of Art and Design,36222.0,Private,4 Year,61490,61490
Rio Salado College,10019.0,Public,2 Year,9482,13806
Ripon College,14694.0,Private,4 Year,52208,52208
Rivier University,16069.0,Private,4 Year,44316,44316
Roanoke College,20584.0,Private,4 Year,57720,57720
Robert Morris University,18222.0,Private,4 Year,41700,41700
Roberts Wesleyan College,15613.0,Private,4 Year,42446,42446
Rochester College,14195.0,Private,4 Year,31594,31594
Rochester Institute of Technology,21348.0,Private,4 Year,57176,57176
Rockford University,21731.0,Private,4 Year,39590,39590
Rockhurst University,14709.0,Private,4 Year,47790,47790
Rocky Mountain College,16728.0,Private,4 Year,36842,36842
Roger Williams University,29661.0,Private,4 Year,50412,50412
Rogers State University,9444.0,Public,4 Year,15486,23826
Rollins College,22856.0,Private,4 Year,64495,64495
Roosevelt University,27086.0,Private,4 Year,43055,43055
Rose State College,8321.0,Public,2 Year,10689,17066
Rose-Hulman Institute of Technology,26623.0,Private,4 Year,64637,64637
Rosedale Bible College,10430.0,Private,2 Year,14381,14381
Rosemont College,15943.0,Private,4 Year,32338,32338
Rowan University,21150.0,Public,4 Year,26249,34891
Rust College,8276.0,Private,4 Year,14200,14200
SUNY College at Brockport,8014.0,Public,4 Year,21770,31550
SUNY College at Geneseo,10072.0,Public,4 Year,22261,32041
SUNY College at Old Westbury,4928.0,Public,4 Year,19673,29453
SUNY College at Oswego,9341.0,Public,4 Year,22580,32360
SUNY College at Plattsburgh,7179.0,Public,4 Year,21467,31247
SUNY College at Potsdam,9210.0,Public,4 Year,21852,31632
SUNY College of Agriculture and Technology at Cobleskill,11996.0,Public,2 Year,22004,31784
SUNY College of Environmental Science and Forestry,9025.0,Public,4 Year,25404,35184
SUNY College of Technology at Alfred,10662.0,Public,4 Year,21140,30920
SUNY College of Technology at Canton,9034.0,Public,2 Year,21289,31069
SUNY College of Technology at Delhi,10664.0,Public,2 Year,20720,24690
SUNY Maritime College,11537.0,Public,4 Year,20805,30585
SUNY Polytechnic Institute,8056.0,Public,4 Year,21170,30950
Sacred Heart Major Seminary,27712.0,Private,4 Year,30515,30515
Sacred Heart University,30555.0,Private,4 Year,56730,56730
Saginaw Valley State University,10957.0,Public,4 Year,20494,34401
Saint Anselm College,20323.0,Private,4 Year,55700,55700
Saint Augustine's University,23178.0,Private,4 Year,25582,25582
Saint Cloud State University,10882.0,Public,4 Year,17812,26046
Saint Joseph's College of Maine,17845.0,Private,4 Year,49330,49330
Saint Joseph's University,30503.0,Private,4 Year,59813,59813
Saint Leo University,14459.0,Private,4 Year,32850,32850
Saint Louis University,23882.0,Private,4 Year,56174,56174
Saint Martin's University,16454.0,Private,4 Year,48801,48801
Saint Mary's College,15214.0,Private,4 Year,54800,54800
Saint Mary's College of California,26092.0,Private,4 Year,62650,62650
Saint Michael's College,20413.0,Private,4 Year,57595,57595
Saint Peter's University,11786.0,Private,4 Year,52900,52900
Saint Xavier University,14091.0,Private,4 Year,45220,45220
Salem College,10578.0,Private,4 Year,41266,41266
Salem International University,20538.0,For Profit,4 Year,20400,20400
Salem State University,11312.0,Public,4 Year,23606,29746
Salisbury University,9118.0,Public,4 Year,21774,31476
Salve Regina University,23047.0,Private,4 Year,55050,55050
Sam Houston State University,9070.0,Public,4 Year,19569,32019
Samford University,14826.0,Private,4 Year,42200,42200
San Diego Christian College,25326.0,Private,4 Year,43044,43044
San Diego State University,5321.0,Public,4 Year,24223,36103
San Francisco Art Institute,36813.0,Private,4 Year,62243,62243
San Francisco Conservatory of Music,21897.0,Private,4 Year,60620,60620
San Francisco State University,8993.0,Public,4 Year,22411,34291
San Jose State University,12596.0,Public,4 Year,24238,33742
Santa Clara University,27218.0,Private,4 Year,66621,66621
Sarah Lawrence College,20593.0,Private,4 Year,71270,71270
Savannah College of Art and Design,28819.0,Private,4 Year,51180,51180
Savannah State University,9149.0,Public,4 Year,14556,27632
School of Visual Arts,33883.0,For Profit,4 Year,57400,57400
School of the Art Institute of Chicago,36559.0,Private,4 Year,65160,65160
Schreiner University,14561.0,Private,4 Year,38468,38468
Scripps College,13124.0,Private,4 Year,71956,71956
Seattle Pacific University,20405.0,Private,4 Year,54735,54735
Seattle University,22727.0,Private,4 Year,56898,56898
Selma University,7490.0,Private,4 Year,14285,14285
Seminole State College,10620.0,Public,2 Year,12110,18230
Seton Hall University,21075.0,Private,4 Year,58270,58270
Seton Hill University,18430.0,Private,4 Year,47632,47632
Seward County Community College,4323.0,Public,2 Year,7980,9120
Shasta Bible College and Graduate School,14281.0,Private,4 Year,14150,14150
Shaw University,18001.0,Private,4 Year,24638,24638
Shawnee State University,13885.0,Public,4 Year,19420,25578
Shenandoah University,20904.0,Private,4 Year,42900,42900
Shepherd University,9246.0,Public,4 Year,18048,28548
Sheridan College,6744.0,Public,2 Year,10839,15351
Shippensburg University of Pennsylvania,12026.0,Public,4 Year,24986,32778
Shoreline Community College,5422.0,Public,2 Year,14990,17528
Shorter University,15128.0,Private,4 Year,31770,31770
Siena College,15477.0,Private,4 Year,52575,52575
Siena Heights University,13789.0,Private,4 Year,37744,37744
Sierra College,7381.0,Public,2 Year,12493,20073
Sierra Nevada College,24305.0,Private,4 Year,47598,47598
Silver Lake College of the Holy Family,14218.0,Private,4 Year,36790,36790
Simmons College,23390.0,Private,4 Year,56000,56000
Simpson College,16180.0,Private,4 Year,47524,47524
Simpson University,13884.0,Private,4 Year,35840,35840
Skidmore College,13212.0,Private,4 Year,68914,68914
Slippery Rock University of Pennsylvania,12084.0,Public,4 Year,20829,28545
Smith College,13638.0,Private,4 Year,69924,69924
Snead State Community College,4543.0,Public,2 Year,8411,12281
Snow College,7284.0,Public,2 Year,7130,15950
Soka University of America,7911.0,Private,4 Year,43840,43840
Sonoma State University,9844.0,Public,4 Year,21758,33638
South Carolina State University,16942.0,Public,4 Year,20950,31640
South Dakota School of Mines and Technology,12341.0,Public,4 Year,18219,22461
South Dakota State University,11317.0,Public,4 Year,16660,20024
South Georgia State College,6654.0,Public,4 Year,12350,20096
South Plains College,3022.0,Public,2 Year,7130,9290
Southeast Missouri State University,8471.0,Public,4 Year,16353,22090
Southeastern Baptist College,3726.0,Private,4 Year,8250,8250
Southeastern Louisiana University,6907.0,Public,4 Year,16585,29063
Southeastern Oklahoma State University,7491.0,Public,4 Year,13720,22360
Southeastern University,16829.0,Private,4 Year,34910,34910
Southern Adventist University,16204.0,Private,4 Year,28890,28890
Southern Arkansas University Tech,9004.0,Public,2 Year,8050,9490
Southern California Seminary,23746.0,Private,4 Year,18880,18880
Southern Connecticut State University,10152.0,Public,4 Year,23735,34975
Southern Maine Community College,8165.0,Public,2 Year,13308,16128
Southern Methodist University,18001.0,Private,4 Year,71338,71338
Southern Nazarene University,11639.0,Private,4 Year,33684,33684
Southern New Hampshire University,24197.0,Private,4 Year,44256,44256
Southern Oregon University,10231.0,Public,4 Year,22853,38783
Southern University at New Orleans,6548.0,Public,4 Year,18411,20200
Southern University at Shreveport,8833.0,Public,2 Year,15770,15770
Southern Utah University,12108.0,Public,4 Year,13859,27675
Southern Vermont College,17998.0,Private,4 Year,36511,36511
Southern Virginia University,14927.0,Private,4 Year,23261,23261
Southern Wesleyan University,15276.0,Private,4 Year,34506,34506
Southwest Baptist University,16694.0,Private,4 Year,31730,31730
Southwest Minnesota State University,10335.0,Public,4 Year,16617,16617
Southwest Mississippi Community College,3917.0,Public,2 Year,7030,9730
Southwest Texas Junior College,6588.0,Public,2 Year,7578,10408
Southwestern Adventist University,15865.0,Private,4 Year,29164,29164
Southwestern Assemblies of God University,19775.0,Private,4 Year,28452,28452
Southwestern Christian College,8904.0,Private,4 Year,14406,14406
Southwestern Christian University,19374.0,Private,4 Year,25730,25730
Southwestern College,17169.0,Private,4 Year,37910,37910
Southwestern Community College,7943.0,Public,2 Year,13570,13780
Southwestern Michigan College,7485.0,Public,2 Year,11645,13175
Southwestern Oklahoma State University,7927.0,Public,4 Year,12865,19765
Southwestern Oregon Community College,6902.0,Public,2 Year,13866,13866
Southwestern University,19205.0,Private,4 Year,54000,54000
Spalding University,14502.0,Private,4 Year,32100,32100
Spartanburg Methodist College,14657.0,Private,2 Year,26410,26410
Spelman College,28665.0,Private,4 Year,43179,43179
Spring Arbor University,12693.0,Private,4 Year,38820,38820
Spring Hill College,14099.0,Private,4 Year,52926,52926
Springfield College,20473.0,Private,4 Year,49995,49995
St. Andrews University,17115.0,Private,4 Year,37354,37354
St. John's College,16244.0,Private,4 Year,65820,65820
St. John's College,16244.0,Private,4 Year,66266,66266
St. Mary's University,14748.0,Private,4 Year,40920,40920
St. Thomas Aquinas College,15321.0,Private,4 Year,45200,45200
Stanford University,4501.0,Private,4 Year,67117,67117
State Fair Community College,5780.0,Public,2 Year,9050,12500
State Technical College of Missouri,9200.0,Public,2 Year,11960,17000
Stephens College,20963.0,Private,4 Year,41582,41582
Sterling College,10928.0,Private,4 Year,48700,48700
Sterling College,10928.0,Private,4 Year,34280,34280
Stetson University,17819.0,Private,4 Year,59082,59082
Stevens Institute of Technology,19347.0,Private,4 Year,67446,67446
Stevenson University,16521.0,Private,4 Year,49312,49312
Stillman College,15335.0,Private,4 Year,18332,18332
Stockton University,16678.0,Public,4 Year,26021,33148
Stonehill College,23080.0,Private,4 Year,58746,58746
Suffolk University,24393.0,Private,4 Year,56412,56412
Sul Ross State University,8645.0,Public,4 Year,16551,29001
Sullivan County Community College,6221.0,Public,2 Year,15518,20332
Susquehanna University,16908.0,Private,4 Year,59920,59920
Sussex County Community College,6296.0,Public,2 Year,10905,15105
Swarthmore College,10793.0,Private,4 Year,68062,68062
Sweet Briar College,18272.0,Private,4 Year,34000,34000
Syracuse University,18579.0,Private,4 Year,67403,67403
Tabor College,19096.0,Private,4 Year,38095,38095
Taft College,6140.0,Public,2 Year,6322,14062
Talladega College,13031.0,Private,4 Year,19214,19214
Talmudical Institute of Upstate New York,6950.0,Private,4 Year,10550,10550
Talmudical Seminary Oholei Torah,13266.0,Private,4 Year,17500,17500
Talmudical Yeshiva of Philadelphia,10820.0,Private,4 Year,16500,16500
Tarleton State University,11481.0,Public,4 Year,20877,33212
Taylor University,18622.0,Private,4 Year,43728,43728
Temple University,17796.0,Public,4 Year,28886,40982
Tennessee State University,7821.0,Public,4 Year,15814,29170
Tennessee Technological University,9163.0,Public,4 Year,18839,35495
Tennessee Wesleyan University,9226.0,Private,4 Year,32680,32680
Texas A&M University-Texarkana,4366.0,Public,4 Year,15756,30792
Texas Christian University,18908.0,Private,4 Year,59754,59754
Texas College,13460.0,Private,4 Year,18008,18008
Texas Lutheran University,14232.0,Private,4 Year,39770,39770
Texas Southern University,16302.0,Public,4 Year,19455,31905
Texas State Technical College,7733.0,Public,2 Year,10744,15514
Texas State University,7412.0,Public,4 Year,20309,32759
Texas Tech University,14881.0,Public,4 Year,20575,33025
Texas Wesleyan University,16228.0,Private,4 Year,40859,40859
Texas Woman's University,10425.0,Public,4 Year,17549,29999
Thaddeus Stevens College of Technology,2078.0,Public,2 Year,16360,16360
The College of New Jersey,8286.0,Public,4 Year,30168,41883
The King's College,28023.0,Private,4 Year,50450,50450
The Master's University and Seminary,33149.0,Private,4 Year,36590,36590
The Sage Colleges,12226.0,Private,4 Year,43475,43475
Thiel College,16968.0,Private,4 Year,44300,44300
Thomas Aquinas College,14508.0,Private,4 Year,33400,33400
Thomas College,17710.0,Private,4 Year,38150,38150
Thomas More College,17725.0,Private,4 Year,39070,39070
Thomas More College of Liberal Arts,22818.0,Private,4 Year,31300,31300
Thomas University,7387.0,Private,4 Year,21740,21740
Three Rivers Community College,2038.0,Public,2 Year,7550,10430
Tiffin University,25298.0,Private,4 Year,35600,35600
Tillamook Bay Community College,11117.0,Public,2 Year,8942,9842
Toccoa Falls College,15674.0,Private,4 Year,31074,31074
Tompkins Cortland Community College,6641.0,Public,2 Year,17266,22516
Torah Temimah Talmudical Seminary,7919.0,Private,4 Year,14550,14550
Tougaloo College,8008.0,Private,4 Year,17433,17433
Touro College,20464.0,Private,4 Year,27349,27349
Towson University,8250.0,Public,4 Year,22974,36242
Transylvania University,14340.0,Private,4 Year,49210,49210
Treasure Valley Community College,8099.0,Public,2 Year,12728,13178
Trevecca Nazarene University,18611.0,Private,4 Year,33998,33998
Trine University,17936.0,Private,4 Year,42985,42985
Trinidad State Junior College,9592.0,Public,2 Year,11870,14849
Trinity Baptist College,10775.0,Private,4 Year,19180,19180
Trinity Christian College,20364.0,Private,4 Year,40440,40440
Trinity College,11109.0,Private,4 Year,71660,71660
Trinity College of Florida,14293.0,Private,4 Year,22990,22990
Trinity University,13993.0,Private,4 Year,56440,56440
Trinity Valley Community College,5959.0,Public,2 Year,9230,12560
Troy University,11235.0,Public,4 Year,20645,31060
Truett McConnell University,15032.0,Private,4 Year,27780,27780
Truman State University,6906.0,Public,4 Year,16509,23361
Tufts University,10742.0,Private,4 Year,70942,70942
Tusculum College,16028.0,Private,4 Year,34050,34050
Tuskegee University,25876.0,Private,4 Year,31820,31820
Tyler Junior College,5807.0,Public,2 Year,10902,13422
Union College,10247.0,Private,4 Year,30850,30850
Union College,10247.0,Private,4 Year,34740,34740
Union College,10247.0,Private,4 Year,68853,68853
Union University,18132.0,Private,4 Year,43090,43090
United Talmudical Seminary,4828.0,Private,4 Year,15300,15300
United Tribes Technical College,5006.0,Private,2 Year,9566,9566
Unity College,16073.0,Private,4 Year,39870,39870
University of Alabama at Birmingham,12457.0,Public,4 Year,17110,31030
University of Alabama in Huntsville,9325.0,Public,4 Year,20808,32456
University of Alaska Anchorage,9846.0,Public,4 Year,19888,36058
University of Alaska Fairbanks,11036.0,Public,4 Year,17017,33187
University of Alaska Southeast,10515.0,Public,4 Year,16292,28604
University of Arizona,10664.0,Public,4 Year,25037,48936
University of Arkansas,8736.0,Public,4 Year,20150,36188
University of Arkansas at Little Rock,9293.0,Public,4 Year,17896,30136
University of Arkansas at Monticello,9582.0,Public,4 Year,14520,20370
University of Arkansas at Pine Bluff,8826.0,Public,4 Year,15723,21975
University of Bridgeport,22344.0,Private,4 Year,46710,46710
University of Central Arkansas,8879.0,Public,4 Year,15605,22128
University of Central Florida,9318.0,Public,4 Year,15985,32084
University of Central Missouri,11280.0,Public,4 Year,16439,23208
University of Central Oklahoma,9099.0,Public,4 Year,15458,26346
University of Charleston,12042.0,Private,4 Year,40080,40080
University of Chicago,13267.0,Private,4 Year,74580,74580
University of Colorado Boulder,13934.0,Public,4 Year,26950,51704
University of Colorado Colorado Springs,11008.0,Public,4 Year,20963,35393
University of Connecticut,9312.0,Public,4 Year,28604,50972
University of Dallas,24484.0,Private,4 Year,53052,53052
University of Dayton,21294.0,Private,4 Year,56480,56480
University of Delaware,10463.0,Public,4 Year,26542,47172
University of Denver,23986.0,Private,4 Year,63561,63561
University of Detroit Mercy,22174.0,Private,4 Year,37496,37496
University of Dubuque,11972.0,Private,4 Year,44040,44040
University of Evansville,14431.0,Private,4 Year,48876,48876
University of Florida,7061.0,Public,4 Year,16501,38778
University of Georgia,8122.0,Public,4 Year,21868,40442
University of Hartford,24363.0,Private,4 Year,53170,53170
University of Hawaii at Hilo,8239.0,Public,4 Year,19126,32086
University of Hawaii at Manoa,6927.0,Public,4 Year,25659,47691
University of Houston,9648.0,Public,4 Year,22776,38226
University of Houston-Victoria,7618.0,Public,4 Year,16015,28465
University of Idaho,11184.0,Public,4 Year,16744,34380
University of Illinois at Chicago,9813.0,Public,4 Year,25838,39054
University of Illinois at Urbana-Champaign,8626.0,Public,4 Year,26402,42972
University of Indianapolis,16627.0,Private,4 Year,39976,39976
University of Iowa,9132.0,Public,4 Year,20439,42405
University of Jamestown,14527.0,Private,4 Year,29546,29546
University of Kansas,12964.0,Public,4 Year,21498,37708
University of Kentucky,9472.0,Public,4 Year,25227,42081
University of La Verne,14828.0,Private,4 Year,55900,55900
University of Louisiana at Lafayette,3854.0,Public,4 Year,19132,32860
University of Louisiana at Monroe,6986.0,Public,4 Year,16584,28684
University of Louisville,8246.0,Public,4 Year,20882,36504
University of Maine,12363.0,Public,4 Year,21588,41388
University of Maine at Farmington,14682.0,Public,4 Year,19392,29504
University of Maine at Fort Kent,9154.0,Public,4 Year,16335,20535
University of Maine at Machias,6376.0,Public,4 Year,16326,23586
University of Maine at Presque Isle,8228.0,Public,4 Year,16441,20641
University of Mary,10051.0,Private,4 Year,25610,25610
University of Mary Hardin-Baylor,19846.0,Private,4 Year,37196,37196
University of Mary Washington,10957.0,Public,4 Year,23306,38552
University of Memphis,8960.0,Public,4 Year,19676,31388
University of Miami,22221.0,Private,4 Year,64334,64334
University of Mississippi,9512.0,Public,4 Year,19356,35310
University of Mobile,16552.0,Private,4 Year,32420,32420
University of Montevallo,10965.0,Public,4 Year,22090,35110
University of Mount Olive,12695.0,Private,4 Year,29150,29150
University of Mount Union,20600.0,Private,4 Year,41460,41460
University of New England,24753.0,Private,4 Year,51610,51610
University of New Haven,23335.0,Private,4 Year,55170,55170
University of New Orleans,7670.0,Public,4 Year,19629,24465
University of North Alabama,9908.0,Public,4 Year,19570,27880
University of North Carolina School of the Arts,7051.0,Public,4 Year,18379,34522
University of North Carolina at Asheville,7575.0,Public,4 Year,16251,32974
University of North Carolina at Chapel Hill,5376.0,Public,4 Year,20177,46360
University of North Carolina at Charlotte,8468.0,Public,4 Year,18144,31578
University of North Carolina at Greensboro,7781.0,Public,4 Year,16357,31516
University of North Carolina at Pembroke,7249.0,Public,4 Year,12342,16342
University of North Dakota,12580.0,Public,4 Year,17669,29733
University of North Florida,4372.0,Public,4 Year,16370,30088
University of North Georgia,8291.0,Public,4 Year,15212,29024
University of North Texas,1428.0,Public,4 Year,20977,33427
University of Northern Colorado,13601.0,Public,4 Year,20990,32678
University of Northern Iowa,10179.0,Public,4 Year,17886,28428
University of Northwestern Ohio,13909.0,Private,4 Year,13500,13500
University of Notre Dame,15116.0,Private,4 Year,68801,68801
University of Oregon,11188.0,Public,4 Year,24861,48441
University of Pennsylvania,7578.0,Private,4 Year,71200,71200
University of Pikeville,13594.0,Private,4 Year,28750,28750
University of Portland,31069.0,Private,4 Year,59354,59354
University of Puget Sound,24246.0,Private,4 Year,62316,62316
University of Redlands,18717.0,Private,4 Year,63782,63782
University of Rhode Island,11566.0,Public,4 Year,27088,43812
University of Richmond,9098.0,Private,4 Year,64860,64860
University of Rio Grande,24539.0,Private,4 Year,38636,38636
University of Rochester,13878.0,Private,4 Year,69864,69864
University of Saint Joseph,19103.0,Private,4 Year,50601,50601
University of San Diego,20291.0,Private,4 Year,62338,62338
University of San Francisco,21683.0,Private,4 Year,62896,62896
University of Science and Arts of Oklahoma,4112.0,Public,4 Year,13565,23915
University of Scranton,21942.0,Private,4 Year,59714,59714
University of Sioux Falls,17061.0,Private,4 Year,25630,25630
University of South Alabama,8972.0,Public,4 Year,17490,27360
University of South Dakota,12275.0,Public,4 Year,17277,20641
University of Southern California,14338.0,Private,4 Year,71620,71620
University of Southern Indiana,9528.0,Public,4 Year,16808,27464
University of Southern Maine,15924.0,Public,4 Year,18970,32230
University of Southern Mississippi,11183.0,Public,4 Year,18591,20591
University of Toledo,11569.0,Public,4 Year,21229,30567
University of Tulsa,20590.0,Private,4 Year,52625,52625
University of Utah,11555.0,Public,4 Year,19484,39477
University of Valley Forge,17698.0,Private,4 Year,31124,31124
University of Vermont,10638.0,Public,4 Year,30738,54978
University of West Alabama,12054.0,Public,4 Year,18156,26606
University of West Georgia,9738.0,Public,4 Year,18210,31692
University of Wisconsin-Eau Claire,8686.0,Public,4 Year,16633,24909
University of Wisconsin-Green Bay,7252.0,Public,4 Year,14487,22337
University of Wisconsin-La Crosse,8872.0,Public,4 Year,15437,24255
University of Wisconsin-Madison,7323.0,Public,4 Year,21669,47919
University of Wisconsin-Milwaukee,12480.0,Public,4 Year,21812,33092
University of Wisconsin-Oshkosh,9026.0,Public,4 Year,16268,23841
University of Wisconsin-Parkside,9430.0,Public,4 Year,15555,23544
University of Wisconsin-Platteville,8468.0,Public,4 Year,15151,23001
University of Wisconsin-River Falls,9422.0,Public,4 Year,14375,21948
University of Wisconsin-Stevens Point,8254.0,Public,4 Year,15610,23877
University of Wisconsin-Stout,9969.0,Public,4 Year,16381,24347
University of Wisconsin-Superior,9302.0,Public,4 Year,14918,22491
University of Wisconsin-Whitewater,7557.0,Public,4 Year,14478,23051
University of Wyoming,7490.0,Public,4 Year,15720,27810
University of the Cumberlands,14058.0,Private,4 Year,32000,32000
University of the Incarnate Word,16192.0,Private,4 Year,44200,44200
University of the Ozarks,14568.0,Private,4 Year,31630,31630
University of the Pacific,20620.0,Private,4 Year,61690,61690
University of the Sciences,41869.0,Private,4 Year,40938,40938
University of the Southwest,12701.0,Private,4 Year,24220,24220
University of the West,25676.0,Private,4 Year,23204,23204
Upper Iowa University,18600.0,Private,4 Year,38904,38904
Urbana University,17948.0,Private,4 Year,33698,33698
Ursinus College,17699.0,Private,4 Year,64800,64800
Ursuline College,12746.0,Private,4 Year,43166,43166
Utah State University,9693.0,Public,4 Year,13824,27905
Utica College,17719.0,Private,4 Year,32630,32630
Valdosta State University,12557.0,Public,4 Year,15586,29068
Valley City State University,8124.0,Public,4 Year,14072,23612
Valley Forge Military College,21440.0,Private,2 Year,46575,46575
Valparaiso University,15082.0,Private,4 Year,52120,52120
VanderCook College of Music,18527.0,Private,4 Year,41626,41626
Vanderbilt University,7364.0,Private,4 Year,66050,66050
Vanguard University of Southern California,16567.0,Private,4 Year,44220,44220
Vassar College,6595.0,Private,4 Year,70510,70510
Vaughn College of Aeronautics and Technology,18255.0,Private,4 Year,40260,40260
Vermilion Community College,8264.0,Public,2 Year,11614,12796
Vermont Technical College,13897.0,Public,4 Year,25706,38378
Vernon College,4587.0,Public,2 Year,7096,10396
Victor Valley College,6235.0,Public,2 Year,6820,14560
Villanova University,16676.0,Private,4 Year,67328,67328
Vincennes University,8214.0,Public,2 Year,15892,23949
Virginia Commonwealth University,13672.0,Public,4 Year,24918,45566
Virginia Military Institute,5137.0,Public,4 Year,28290,55134
Virginia Polytechnic Institute and State University,11775.0,Public,4 Year,22554,40238
Virginia State University,10812.0,Public,4 Year,20264,30784
Virginia Union University,17585.0,Private,4 Year,26046,26046
Virginia University of Lynchburg,10576.0,Private,4 Year,18400,18400
Virginia Wesleyan University,18976.0,Private,4 Year,45916,45916
Visible Music College,23945.0,Private,4 Year,25500,25500
Viterbo University,12906.0,Private,4 Year,37030,37030
Voorhees College,11346.0,Private,4 Year,19976,19976
Wabash College,18037.0,Private,4 Year,53500,53500
Wagner College,18415.0,Private,4 Year,61214,61214
Wake Forest University,20493.0,Private,4 Year,69354,69354
Waldorf University,19343.0,Private,4 Year,29600,29600
Walla Walla University,18486.0,Private,4 Year,32310,32310
Walsh University,15920.0,Private,4 Year,40660,40660
Warner University,14210.0,Private,4 Year,30360,30360
Warren Wilson College,16275.0,Private,4 Year,47260,47260
Wartburg College,15850.0,Private,4 Year,51276,51276
Washburn University,11494.0,Public,4 Year,17107,28177
Washington & Jefferson College,18642.0,Private,4 Year,60640,60640
Washington Adventist University,14005.0,Private,4 Year,33270,33270
Washington College,16822.0,Private,4 Year,59392,59392
Washington County Community College,5573.0,Public,2 Year,8958,11778
Washington State University,10973.0,Public,4 Year,22979,37763
Washington and Lee University,13741.0,Private,4 Year,66380,66380
Wayland Baptist University,11532.0,Private,4 Year,28062,28062
Wayne State College,7995.0,Public,4 Year,14657,19967
Wayne State University,10801.0,Public,4 Year,23774,38668
Waynesburg University,15161.0,Private,4 Year,34984,34984
Weatherford College,5364.0,Public,2 Year,10130,13190
Webb Institute,21067.0,Private,4 Year,65225,65225
Webber International University,18512.0,Private,4 Year,35266,35266
Weber State University,7407.0,Public,4 Year,12110,22864
Webster University,16846.0,Private,4 Year,38950,38950
Welch College,13777.0,Private,4 Year,26716,26716
Wellesley College,9316.0,Private,4 Year,70200,70200
Wells College,15383.0,Private,4 Year,54800,54800
Wenatchee Valley College,6534.0,Public,2 Year,8487,8923
Wentworth Institute of Technology,21765.0,Private,4 Year,48140,48140
Wesley College,23106.0,Private,4 Year,38123,38123
Wesleyan College,8712.0,Private,4 Year,32860,32860
Wesleyan University,7755.0,Private,4 Year,69974,69974
West Chester University of Pennsylvania,12327.0,Public,4 Year,20128,31702
West Liberty University,10337.0,Public,4 Year,17136,25076
West Virginia State University,8493.0,Public,4 Year,20059,27964
West Virginia University,6366.0,Public,4 Year,19774,35868
West Virginia University Institute of Technology,5530.0,Public,4 Year,18854,30038
West Virginia Wesleyan College,15107.0,Private,4 Year,40496,40496
Western Carolina University,7423.0,Public,4 Year,13902,17902
Western Connecticut State University,15407.0,Public,4 Year,23891,35131
Western Illinois University,13569.0,Public,4 Year,20897,20897
Western Iowa Tech Community College,5360.0,Public,2 Year,10990,11020
Western Kentucky University,11995.0,Public,4 Year,18945,34839
Western Michigan University,12770.0,Public,4 Year,22626,25516
Western Nebraska Community College,4300.0,Public,2 Year,9586,9694
Western New England University,23112.0,Private,4 Year,50394,50394
Western New Mexico University,9288.0,Public,4 Year,15960,24367
Western Oklahoma State College,5772.0,Public,2 Year,9500,13855
Western Oregon University,12986.0,Public,4 Year,19955,36830
Western State Colorado University,9182.0,Public,4 Year,19749,31221
Western Technical College,7872.0,Public,2 Year,10992,12957
Western Texas College,6172.0,Public,2 Year,9133,11503
Western Washington University,8619.0,Public,4 Year,19598,35010
Western Wyoming Community College,5809.0,Public,2 Year,8452,12964
Westfield State University,11254.0,Public,4 Year,21377,27457
Westminster College,20893.0,Private,4 Year,43824,43824
Westminster College,20893.0,Private,4 Year,47936,47936
Westminster College,20893.0,Private,4 Year,37740,37740
Westmont College,21568.0,Private,4 Year,59600,59600
Wharton County Junior College,2855.0,Public,2 Year,7230,10320
Wheaton College,15641.0,Private,4 Year,66050,66050
Wheaton College,15641.0,Private,4 Year,46600,46600
Wheeling Jesuit University,16386.0,Private,4 Year,39190,39190
Whitman College,18280.0,Private,4 Year,64938,64938
Whittier College,19450.0,Private,4 Year,62496,62496
Whitworth University,18979.0,Private,4 Year,55136,55136
Wichita State University,13166.0,Public,4 Year,19523,28704
Widener University,23553.0,Private,4 Year,60394,60394
Wilberforce University,13506.0,Private,4 Year,20250,20250
Wiley College,11416.0,Private,4 Year,20236,20236
Wilkes University,17715.0,Private,4 Year,50876,50876
Willamette University,21131.0,Private,4 Year,62514,62514
William Carey University,15520.0,Private,4 Year,19410,19410
William Jessup University,13583.0,Private,4 Year,44270,44270
William Jewell College,19124.0,Private,4 Year,44330,44330
William Paterson University of New Jersey,9651.0,Public,4 Year,24505,32705
William Peace University,20438.0,Private,4 Year,41600,41600
William Penn University,16478.0,Private,4 Year,32552,32552
William Woods University,17382.0,Private,4 Year,33810,33810
Williams College,6186.0,Private,4 Year,69950,69950
Williston State College,6428.0,Public,2 Year,13254,13254
Wilmington College,17349.0,Private,4 Year,35600,35600
Wilson College,16197.0,Private,4 Year,36189,36189
Wingate University,13721.0,Private,4 Year,43946,43946
Winona State University,12138.0,Public,4 Year,18435,24358
Winston-Salem State University,6553.0,Public,4 Year,15364,25611
Winthrop University,11670.0,Public,4 Year,24902,39158
Wisconsin Indianhead Technical College,7621.0,Public,2 Year,11812,13858
Wisconsin Lutheran College,12812.0,Private,4 Year,39915,39915
Wittenberg University,20922.0,Private,4 Year,49856,49856
Wofford College,11871.0,Private,4 Year,56530,56530
Woodbury University,22546.0,Private,4 Year,51775,51775
Worcester Polytechnic Institute,22585.0,Private,4 Year,65304,65304
Worcester State University,10245.0,Public,4 Year,22423,28503
Xavier University,24222.0,Private,4 Year,51310,51310
Xavier University of Louisiana,19566.0,Private,4 Year,33535,33535
Yale University,7852.0,Private,4 Year,69430,69430
Yavapai College,5331.0,Public,2 Year,12308,20678
Yeshiva College of the Nations Capital,2950.0,Private,4 Year,20600,20600
Yeshiva Derech Chaim,3833.0,Private,4 Year,15900,15900
Yeshiva Karlin Stolin,4799.0,Private,4 Year,16000,16000
Yeshiva Shaarei Torah of Rockland,17800.0,Private,4 Year,16000,16000
Yeshiva University,18227.0,Private,4 Year,55750,55750
Yeshivath Beth Moshe,2313.0,Private,4 Year,12400,12400
Yeshivath Viznitz,7300.0,Private,4 Year,14050,14050
York College,16497.0,Private,4 Year,26530,26530
York College of Pennsylvania,15762.0,Private,4 Year,31300,31300
Young Harris College,10997.0,Private,4 Year,41489,41489
Youngstown State University,10224.0,Public,4 Year,18350,24350
